[{"id":1,"location":"Japan","tstyle":"Sporty","period":"Weeks-Trip","size":"2-4 ppl"},
{"id":2,"location":"Britain","tstyle":"Sporty","period":"Short-Trip","size":"2-4 ppl"},
{"id":3,"location":"Britain","tstyle":"Shopping","period":"Weeks-Trip","size":"4-8 ppl"},
{"id":4,"location":"Hong Kong","tstyle":"Cultural","period":"Short-Trip","size":"2-4 ppl"},
{"id":5,"location":"Hong Kong","tstyle":"Shopping","period":"Weeks-Trip","size":"2-4 ppl"},
{"id":6,"location":"Britain","tstyle":"Sporty","period":"Weeks-Trip","size":"2-4 ppl"},
{"id":7,"location":"Japan","tstyle":"Sporty","period":"Day-Trip","size":"2-4 ppl"},
{"id":8,"location":"Japan","tstyle":"Shopping","period":"Short-Trip","size":"4-8 ppl"},
{"id":9,"location":"Japan","tstyle":"Cultural","period":"Day-Trip","size":"2-4 ppl"},
{"id":10,"location":"Hong Kong","tstyle":"Shopping","period":"Exchange(student)","size":"8+ ppl"},
{"id":11,"location":"Japan","tstyle":"Sporty","period":"Day-Trip","size":"2-4 ppl"},
{"id":12,"location":"Japan","tstyle":"Cultural","period":"Exchange(student)","size":"8+ ppl"},
{"id":13,"location":"Britain","tstyle":"Sporty","period":"Exchange(student)","size":"2-4 ppl"},
{"id":14,"location":"Britain","tstyle":"Shopping","period":"Long-Trip","size":"2-4 ppl"},
{"id":15,"location":"Japan","tstyle":"Shopping","period":"Exchange(student)","size":"2-4 ppl"},
{"id":16,"location":"Japan","tstyle":"Sporty","period":"Exchange(student)","size":"2-4 ppl"},
{"id":17,"location":"Hong Kong","tstyle":"Shopping","period":"Day-Trip","size":"2-4 ppl"},
{"id":18,"location":"Japan","tstyle":"Cultural","period":"Weeks-Trip","size":"4-8 ppl"},
{"id":19,"location":"Britain","tstyle":"Shopping","period":"Weeks-Trip","size":"2-4 ppl"},
{"id":20,"location":"Britain","tstyle":"Shopping","period":"Exchange(student)","size":"4-8 ppl"},
{"id":21,"location":"Japan","tstyle":"Cultural","period":"Exchange(student)","size":"8+ ppl"},
{"id":22,"location":"Britain","tstyle":"Sporty","period":"Long-Trip","size":"2-4 ppl"},
{"id":23,"location":"Japan","tstyle":"Cultural","period":"Exchange(student)","size":"4-8 ppl"},
{"id":24,"location":"Hong Kong","tstyle":"Shopping","period":"Long-Trip","size":"8+ ppl"},
{"id":25,"location":"Hong Kong","tstyle":"Sporty","period":"Weeks-Trip","size":"4-8 ppl"},
{"id":26,"location":"Japan","tstyle":"Sporty","period":"Day-Trip","size":"2-4 ppl"},
{"id":27,"location":"Japan","tstyle":"Shopping","period":"Exchange(student)","size":"2-4 ppl"},
{"id":28,"location":"Japan","tstyle":"Cultural","period":"Exchange(student)","size":"2-4 ppl"},
{"id":29,"location":"Japan","tstyle":"Shopping","period":"Short-Trip","size":"4-8 ppl"},
{"id":30,"location":"Hong Kong","tstyle":"Shopping","period":"Day-Trip","size":"4-8 ppl"},
{"id":31,"location":"Britain","tstyle":"Sporty","period":"Long-Trip","size":"4-8 ppl"},
{"id":32,"location":"Japan","tstyle":"Sporty","period":"Long-Trip","size":"8+ ppl"},
{"id":33,"location":"Japan","tstyle":"Shopping","period":"Day-Trip","size":"4-8 ppl"},
{"id":34,"location":"Japan","tstyle":"Sporty","period":"Exchange(student)","size":"2-4 ppl"},
{"id":35,"location":"Japan","tstyle":"Sporty","period":"Exchange(student)","size":"4-8 ppl"},
{"id":36,"location":"Japan","tstyle":"Cultural","period":"Weeks-Trip","size":"4-8 ppl"},
{"id":37,"location":"Hong Kong","tstyle":"Shopping","period":"Weeks-Trip","size":"8+ ppl"},
{"id":38,"location":"Britain","tstyle":"Shopping","period":"Long-Trip","size":"4-8 ppl"},
{"id":39,"location":"Britain","tstyle":"Shopping","period":"Exchange(student)","size":"4-8 ppl"},
{"id":40,"location":"Hong Kong","tstyle":"Sporty","period":"Short-Trip","size":"8+ ppl"},
{"id":41,"location":"Britain","tstyle":"Cultural","period":"Short-Trip","size":"8+ ppl"},
{"id":42,"location":"Hong Kong","tstyle":"Shopping","period":"Day-Trip","size":"4-8 ppl"},
{"id":43,"location":"Hong Kong","tstyle":"Sporty","period":"Day-Trip","size":"8+ ppl"},
{"id":44,"location":"Britain","tstyle":"Sporty","period":"Short-Trip","size":"8+ ppl"},
{"id":45,"location":"Hong Kong","tstyle":"Shopping","period":"Weeks-Trip","size":"4-8 ppl"},
{"id":46,"location":"Britain","tstyle":"Cultural","period":"Long-Trip","size":"2-4 ppl"},
{"id":47,"location":"Britain","tstyle":"Shopping","period":"Weeks-Trip","size":"2-4 ppl"},
{"id":48,"location":"Britain","tstyle":"Shopping","period":"Short-Trip","size":"4-8 ppl"},
{"id":49,"location":"Hong Kong","tstyle":"Sporty","period":"Weeks-Trip","size":"4-8 ppl"},
{"id":50,"location":"Britain","tstyle":"Shopping","period":"Long-Trip","size":"2-4 ppl"}]